0.16888,0.13065,0.43753,0.45902,0.30347,0.66719,0.75012,0.78985,0.60806,0.29732,0.23225,0.51772,0.54648,0.22158,0.49547,0.64494,0.33385,0.56446,0.6517,0.5199,0.77076,0.97368,0.90154,0.76626,0.33238,0.35281,0.018646,0.68957,0.3375,0.65934,0.67912,0.24862,0.015752,0.79969,0.66963,0.40079,0.6216,0.13075,0.94225,0.30504,0.88287,0.65425,0.096024,0.66823,0.41738,0.13575,0.84463,0.17505,0.65885,0.94106
0.74517,0.051356,0.32084,0.048029,0.60744,0.2964,0.48718,0.91352,0.77236,0.40443,0.73983,0.061825,0.55083,0.20396,0.60919,0.2872,0.20532,0.63354,0.14606,0.76631,0.6858,0.7348,0.39604,0.13495,0.98829,0.40015,0.72833,0.52039,0.42944,0.63343,0.4855,0.67629,0.68389,0.63023,0.05985,0.3106,0.91163,0.46148,0.84943,0.10111,0.51189,0.19347,0.19939,0.72822,0.27317,0.51152,0.22876,0.76417,0.11918,0.66156
0.47713,0.62751,0.13405,0.38535,0.2789,0.59856,0.38479,0.53325,0.056274,0.30224,0.88899,0.23137,0.69454,0.6241,0.0048085,0.32193,0.49436,0.4981,0.69396,0.33622,0.86767,0.75239,0.69277,0.064921,0.47372,0.59792,0.81666,0.076086,0.79378,0.52515,0.034718,0.64849,0.8779,0.9828,0.38428,0.6538,0.60613,0.44017,0.13728,0.37194,0.3762,0.0946,0.60705,0.28564,0.31471,0.041431,0.42837,0.45933,0.12922,0.2149
0.65344,0.029088,0.13459,0.36172,0.79956,0.15185,0.061409,0.80408,0.85473,0.75731,0.85981,0.11849,0.92749,0.72521,0.58773,0.15542,0.031209,0.059624,0.62561,0.62599,0.58051,0.033314,0.20449,0.67244,0.74686,0.91152,0.11622,0.40626,0.14157,0.19128,0.11444,0.70368,0.43181,0.15825,0.49124,0.39183,0.48535,0.605,0.66073,0.22216,0.88376,0.91836,0.70971,0.59369,0.5817,0.31241,0.36829,0.60606,0.077969,0.91359
0.96658,0.13619,0.80595,0.28758,0.79617,0.43638,0.21369,0.56266,0.38428,0.35974,0.59706,0.09878,0.94421,0.83436,0.77746,0.38766,0.82757,0.51516,0.043723,0.3269,0.6261,0.11761,0.062853,0.48221,0.66996,0.13299,0.48856,0.43021,0.6081,0.51191,0.076625,0.8371,0.63134,0.61668,0.77416,0.11934,0.57674,0.12702,0.03849,0.64323,0.24576,0.55824,0.89053,0.37053,0.68936,0.32177,0.69605,0.36404,0.73524,0.3802
0.31303,0.69456,0.52476,0.81671,0.95409,0.012682,0.54387,0.75088,0.39962,0.1249,0.65475,0.89028,0.90326,0.018895,0.65718,0.89573,0.26426,0.053195,0.79792,0.31111,0.11115,0.2613,0.62239,0.49542,0.79559,0.042167,0.34745,0.65931,0.93063,0.74833,0.60782,0.7273,0.58604,0.30872,0.14781,0.97854,0.9821,0.59904,0.14816,0.77666,0.164,0.41764,0.60264,0.79564,0.86387,0.94832,0.94438,0.40195,0.55615,0.034982
0.076439,0.51568,0.94426,0.45053,0.44434,0.22902,0.41064,0.0092304,0.32542,0.61718,0.91501,0.033389,0.60411,0.20212,0.52831,0.88777,0.6775,0.84363,0.98621,0.64608,0.21369,0.89336,0.68802,0.31348,0.27254,0.40104,0.77389,0.21839,0.63644,0.41983,0.23347,0.019434,0.22741,0.085079,0.48553,0.51825,0.51857,0.13213,0.18476,0.43003,0.6586,0.11045,0.86245,0.073534,0.21086,0.20734,0.21789,0.73007,0.83437,0.22735
0.79142,0.54258,0.98834,0.80663,0.45688,0.26368,0.90096,0.47678,0.55539,0.35552,0.43318,0.83903,0.92621,0.46909,0.82577,0.39361,0.79386,0.59467,0.43674,0.43369,0.03637,0.97206,0.29679,0.3235,0.28392,0.59571,0.28529,0.081089,0.047771,0.73748,0.14201,0.58375,0.78465,0.87683,0.071835,0.50777,0.3487,0.11534,0.64536,0.62106,0.25562,0.55274,0.67596,0.99274,0.50675,0.48934,0.753,0.95513,0.10612,0.90689
0.36538,0.80848,0.40989,0.79017,0.59982,0.51139,0.05629,0.25033,0.29542,0.36294,0.28976,0.50727,0.11695,0.3784,0.96243,0.67546,0.68184,0.69102,0.34475,0.10289,0.44454,0.99407,0.57156,0.9091,0.71726,0.91968,0.8244,0.46767,0.69835,0.68647,0.53017,0.92088,0.28764,0.5907,0.78744,0.32502,0.98287,0.44107,0.85655,0.27907,0.1576,0.11128,0.785,0.77603,0.42505,0.44468,0.51984,0.8788,0.25656,0.86899
0.5851,0.79369,0.37119,0.28296,0.84262,0.21508,0.44351,0.30792,0.36612,0.068488,0.63188,0.11372,0.3408,0.34039,0.31374,0.25221,0.65076,0.64723,0.048806,0.23615,0.32658,0.34679,0.31622,0.45034,0.18464,0.29378,0.17306,0.72867,0.25711,0.95573,0.9303,0.091678,0.92438,0.30312,0.39373,0.19727,0.99201,0.2711,0.85338,0.47805,0.27661,0.23602,0.53665,0.0073705,0.2397,0.82085,0.76007,0.60973,0.054124,0.58247
0.18334,0.50187,0.22685,0.068309,0.0312,0.34611,0.53781,0.96695,0.34905,0.86716,0.29542,0.49045,0.03673,0.063851,0.79709,0.94999,0.23734,0.62344,0.2252,0.97178,0.28729,0.2923,0.8095,0.74864,0.8337,0.54504,0.86364,0.61398,0.6909,0.30791,0.6169,0.55456,0.29848,0.16807,0.23616,0.86289,0.89616,0.94411,0.49404,0.31474,0.29871,0.13865,0.0044474,0.88895,0.75752,0.01748,0.88087,0.96777,0.65655,0.56079
0.076919,0.27663,0.44603,0.054931,0.18727,0.74782,0.13406,0.2088,0.63022,0.4579,0.62203,0.59944,0.53837,0.76134,0.28518,0.62468,0.4774,0.95386,0.58101,0.6989,0.49645,0.18725,0.3655,0.18525,0.16967,0.78168,0.92605,0.9006,0.36318,0.3423,0.68989,0.9308,0.5363,0.33988,0.080568,0.26787,0.74158,0.51664,0.78088,0.82717,0.0059043,0.32824,0.19861,0.86412,0.79191,0.78852,0.23748,0.63414,0.27744,0.0010886
0.15366,0.11966,0.26622,0.63752,0.94359,0.41362,0.54095,0.52048,0.66444,0.077615,0.047534,0.090216,0.73723,0.40266,0.014895,0.20695,0.93642,0.17694,0.60138,0.65945,0.18171,0.74315,0.69879,0.084922,0.95327,0.3274,0.1911,0.25278,0.54188,0.38703,0.23443,0.19945,0.33365,0.067446,0.079005,0.53868,0.66474,0.44529,0.27465,0.74316,0.22865,0.34644,0.43872,0.69759,0.38588,0.54079,0.93969,0.77726,0.70913,0.12686
0.82688,0.8866,0.4591,0.42429,0.94792,0.055753,0.85737,0.22555,0.9921,0.90492,0.99461,0.97822,0.18122,0.67429,0.09415,0.10966,0.2411,0.47491,0.25252,0.3261,0.93379,0.71802,0.63343,0.20703,0.72255,0.095263,0.050352,0.2201,0.22214,0.026176,0.20684,0.52532,0.23729,0.65349,0.92743,0.55147,0.73336,0.30859,0.96738,0.14431,0.67012,0.92876,0.55829,0.88499,0.31805,0.045476,0.027152,0.8985,0.1303,0.21464
0.30096,0.97029,0.43291,0.90553,0.45298,0.39003,0.19802,0.5672,0.94436,0.2817,0.20676,0.65302,0.42625,0.55108,0.32872,0.56585,0.20911,0.8424,0.65434,0.019822,0.94018,0.18889,0.96458,0.55892,0.13425,0.44168,0.54845,0.2358,0.90549,0.63355,0.037366,0.12674,0.54524,0.24429,0.20472,0.96326,0.43592,0.4696,0.99053,0.068265,0.98167,0.88832,0.38513,0.46564,0.48093,0.51385,0.56151,0.22657,0.524,0.82682
0.38388,0.94253,0.25962,0.41732,0.81083,0.47448,0.15561,0.99816,0.35035,0.61388,0.60736,0.46113,0.098168,0.051457,0.30557,0.27433,0.27247,0.49696,0.060096,0.57047,0.59146,0.43394,0.2008,0.6617,0.85309,0.029077,0.0095179,0.81013,0.37354,0.56525,0.66336,0.74873,0.10769,0.75792,0.95658,0.26958,0.39963,0.77944,0.084449,0.53214,0.25615,0.79004,0.64686,0.37156,0.27851,0.44562,0.89045,0.10127,0.04589,0.38761
0.65075,0.63813,0.13371,0.15406,0.92888,0.82532,0.061378,0.13187,0.193,0.66186,0.34763,0.86376,0.30322,0.3075,0.018022,0.071165,0.77582,0.7624,0.94051,0.036335,0.00080862,0.045593,0.59818,0.93921,0.93169,0.67539,0.82836,0.70241,0.078816,0.36551,0.50725,0.31467,0.13716,0.29901,0.33974,0.26572,0.21789,0.16881,0.32979,0.74396,0.61917,0.07447,0.58567,0.083022,0.15804,0.49136,0.16699,0.82826,0.10131,0.31808
0.81737,0.09059,0.41923,0.54,0.67272,0.30364,0.66107,0.95468,0.91958,0.20002,0.71774,0.26283,0.78012,0.96544,0.16221,0.15845,0.33141,0.17988,0.092531,0.26474,0.90301,0.65547,0.083703,0.040245,0.56418,0.11159,0.90854,0.8785,0.03093,0.42146,0.4858,0.18717,0.094427,0.41882,0.95997,0.30999,0.88163,0.022451,0.2683,0.83573,0.97183,0.4198,0.76633,0.99722,0.39541,0.65989,0.42524,0.42447,0.46894,0.26178
0.76627,0.074708,0.50686,0.93709,0.37233,0.82179,0.018603,0.12388,0.28869,0.95999,0.027993,0.82396,0.53696,0.93148,0.44399,0.04952,0.60307,0.69162,0.33398,0.19066,0.68289,0.78104,0.54441,0.16366,0.39882,0.19964,0.7053,0.71101,0.6269,0.4622,0.8617,0.9804,0.31088,0.055832,0.34315,0.5573,0.94207,0.70873,0.21592,0.72066,0.49217,0.39672,0.17463,0.86983,0.28546,0.50537,0.3269,0.7271,0.71065,0.29652
0.37418,0.18245,0.32432,0.66096,0.4057,0.56568,0.2911,0.18624,0.55086,0.66511,0.066842,0.32898,0.76907,0.37803,0.76677,0.68088,0.18401,0.91442,0.65105,0.4493,0.073851,0.8629,0.84615,0.43812,0.4416,0.53016,0.24333,0.66108,0.937,0.31444,0.96551,0.71283,0.81264,0.030856,0.063423,0.37819,0.94895,0.60515,0.76702,0.88762,0.30103,0.41293,0.50311,7.0261e-05,0.24305,0.74186,0.56759,0.93675,0.60135,0.42818
0.18986,0.031688,0.68469,0.39466,0.43882,0.054382,0.97382,0.6465,0.91932,0.5413,0.92706,0.9413,0.63894,0.61767,0.68126,0.78176,0.087459,0.16266,0.50391,0.76866,0.99638,0.78535,0.040698,0.32567,0.70168,0.62736,0.58923,0.43958,0.31994,0.22566,0.75969,0.82565,0.51356,0.18658,0.61247,0.24577,0.10644,0.41368,0.36505,0.16285,0.5971,0.97395,0.38267,0.67998,0.64252,0.94385,0.82699,0.29653,0.20492,0.19241
0.6465,0.72494,0.44309,0.25899,0.67865,0.26001,0.76464,0.12817,0.090049,0.86897,0.087772,0.24411,0.89315,0.56253,0.71454,0.80737,0.30892,0.4281,0.53093,0.62794,0.31446,0.43349,0.32936,0.089932,0.26004,0.3736,0.9389,0.56279,0.74517,0.11594,0.24668,0.68322,0.86648,0.27091,0.55561,0.67618,0.057975,0.91477,0.15402,0.20124,0.54338,0.2379,0.9772,0.65488,0.95692,0.79933,0.39168,0.3122,0.61879,0.56748
0.0036053,0.14416,0.43566,0.84791,0.46507,0.5891,0.24368,0.081321,0.2577,0.55705,0.3324,0.95711,0.06069,0.83056,0.45978,0.26505,0.23088,0.041852,0.37912,0.3147,0.80922,0.34782,0.70935,0.81032,0.028529,0.60645,0.8955,0.99031,0.28893,0.13397,0.67627,0.6894,0.98049,0.066243,0.90645,0.26129,0.16372,0.47718,0.16502,0.88196,0.12977,0.10858,0.93608,0.41181,0.18634,0.43773,0.62135,0.5497,0.69915,0.65767
0.28289,0.63593,0.79302,0.94506,0.95326,0.47973,0.68212,0.65923,0.42705,0.021398,0.52618,0.51082,0.17577,0.9577,0.91927,0.8959,0.90919,0.22575,0.76891,0.29204,0.46145,0.055389,0.86031,0.39956,0.94797,0.84639,0.60623,0.95732,0.12435,0.94652,0.75931,0.53088,0.32665,0.33349,0.20123,0.96149,0.52747,0.91622,0.89336,0.46196,0.55222,0.80003,0.89274,0.47637,0.90952,0.090313,0.96515,0.55258,0.31483,0.68558
0.6386,0.78985,0.81556,0.377,0.3547,0.19865,0.13785,0.027399,0.57772,0.48268,0.24664,0.56458,0.41633,0.075506,0.98894,0.60799,0.93688,0.66615,0.28251,0.078238,0.58714,0.81944,0.5009,0.65531,0.99617,0.70195,0.79238,0.33682,0.51408,0.49243,0.58619,0.18885,0.21962,0.049906,0.78769,0.49758,0.069748,0.49691,0.94579,0.18705,0.14906,0.044813,0.44353,0.38827,0.56874,0.93357,0.82847,0.6404,0.80479,0.35374
0.59207,0.56625,0.75211,0.06728,0.33902,0.23901,0.62981,0.98518,0.89952,0.80799,0.5429,0.99372,0.73979,0.88802,0.9326,0.014401,0.031879,0.87134,0.64927,0.17194,0.4776,0.10604,0.99476,0.56684,0.77948,0.39287,0.83617,0.15546,0.38751,0.74821,0.82244,0.49302,0.51822,0.10131,0.34772,0.42777,0.010146,0.92755,0.51747,0.72488,0.25855,0.95996,0.75153,0.45206,0.19352,0.37838,0.8134,0.59665,0.17802,0.95679
0.32529,0.37741,0.78926,0.18158,0.89586,0.78019,0.85701,0.53933,0.21823,0.73601,0.78087,0.77098,0.89295,0.56245,0.46152,0.34403,0.59365,0.34473,0.92218,0.72128,0.55245,0.006074,0.42864,0.0031219,0.9894,0.57187,0.56014,0.41708,0.97861,0.31094,0.92684,0.55954,0.35301,0.07187,0.97215,0.56779,0.09168,0.70365,0.018373,0.88355,0.52871,0.80164,0.9094,0.02676,0.70424,0.75892,0.95509,0.16117,0.24131,0.24374
0.98895,0.82159,0.50127,0.57575,0.54543,0.61731,0.8998,0.37383,0.96703,0.5723,0.52188,0.3138,0.025853,0.19436,0.90492,0.53366,0.043818,0.027252,0.33067,0.089449,0.17532,0.27504,0.26735,0.65135,0.48755,0.24977,0.0006951,0.55448,0.29182,0.0077053,0.63757,0.82828,0.85948,0.90451,0.83605,0.61304,0.60744,0.69464,0.41931,0.79801,0.81338,0.9606,0.37332,0.42529,0.65158,0.80379,0.18312,0.41791,0.59473,0.74827
0.12324,0.30488,0.55518,0.18589,0.74928,0.14413,0.34837,0.70673,0.43398,0.0089849,0.93195,0.057873,0.13756,0.22145,0.38645,0.62776,0.4249,0.90528,0.81344,0.91781,0.58724,0.94277,0.47295,0.3171,0.12798,0.72735,0.25128,0.029752,0.59234,0.61562,0.018938,0.20287,0.26002,0.3118,0.71181,0.80699,0.056085,0.0045936,0.12209,0.84297,0.71853,0.76575,0.11629,0.10581,0.3319,0.80424,0.67043,0.36906,0.86823,0.39023
0.73588,0.31937,0.63075,0.29145,0.12488,0.71613,0.48631,0.94741,0.78482,0.71828,0.14711,0.044074,0.42409,0.70576,0.60302,0.44674,0.52158,0.47106,0.78764,0.42968,0.1548,0.67426,0.16085,0.26593,0.46437,0.34333,0.43195,0.86671,0.57136,0.35757,0.18434,0.52775,0.84372,0.59177,0.2149,0.88078,0.6581,0.54022,0.95185,0.53805,0.50082,0.60823,0.52512,0.043111,0.52157,0.59579,0.7356,0.080265,0.81867,0.84476
0.15662,0.78498,0.097989,0.46166,0.45323,0.40151,0.67952,0.38228,0.52523,0.44943,0.41677,0.81294,0.76457,0.59676,0.56032,0.81111,0.84034,0.91046,0.12432,0.079723,0.44545,0.38566,0.1589,0.46045,0.74259,0.078635,0.43065,0.89441,0.61586,0.64883,0.026741,0.80781,0.5828,0.37763,0.015448,0.15998,0.57582,0.41297,0.27018,0.20959,0.89398,0.98904,0.34113,0.55612,0.024763,0.32499,0.81955,0.23631,0.59008,0.37198
0.43465,0.50374,0.24568,0.34698,0.074749,0.46239,0.70412,0.69291,0.33128,0.65962,0.28029,0.41207,0.52444,0.5863,0.84584,0.14483,0.62503,0.32798,0.15739,0.57214,0.53762,0.85695,0.26834,0.62316,0.67339,0.30223,0.87523,0.49719,0.56091,0.84598,0.935,0.3551,0.71941,0.95156,0.21004,0.089177,0.073835,0.62813,0.89365,0.53045,0.95072,0.56256,0.8494,0.61129,0.022273,0.74835,0.68102,0.99434,0.0022878,0.70761
0.83224,0.261,0.61573,0.31817,0.66334,0.70728,0.46088,0.60207,0.43159,0.75321,0.5981,0.38416,0.75448,0.96849,0.2848,0.97483,0.2552,0.6911,0.415,0.83177,0.4619,0.67482,0.75712,0.80185,0.87398,0.3004,0.067641,0.20929,0.27986,0.10135,0.48447,0.54776,0.34352,0.7424,0.53647,0.31313,0.24157,0.54354,0.89519,0.8433,0.46236,0.49589,0.18623,0.73883,0.79852,0.47647,0.33006,0.9093,0.94453,0.34566
0.35991,0.73248,0.30496,0.45991,0.70365,0.40121,0.36427,0.77526,0.7179,0.80474,0.036475,0.52313,0.1698,0.58174,0.66332,0.83376,0.90469,0.017448,0.68733,0.34737,0.83411,0.6081,0.60917,0.56116,0.75825,0.023221,0.33991,0.7216,0.15185,0.5883,0.79479,0.71744,0.0092739,0.88709,0.10846,0.60735,0.3512,0.216,0.77553,0.21534,0.2876,0.25304,0.20874,0.25692,0.10781,0.51559,0.034692,0.79079,0.79248,0.87716
0.076238,0.16295,0.76697,0.23589,0.91895,0.014385,0.28027,0.59183,0.91621,0.029156,0.063687,0.89215,0.67273,0.0998,0.60226,0.3401,0.7673,0.51235,0.6577,0.77989,0.99617,0.43943,0.96693,0.024804,0.61718,0.17611,0.17706,0.69972,0.73301,0.58238,0.45684,0.20251,0.19245,0.5989,0.85376,0.37874,0.12674,0.5521,0.90882,0.71673,0.92637,0.19596,0.53043,0.72626,0.68881,0.48009,0.12019,0.13515,0.39933,0.75053
0.55693,0.92108,0.26723,0.027752,0.66007,0.07464,0.076204,0.37618,0.89003,0.77982,0.32288,0.40592,0.61865,0.1666,0.65646,0.61624,0.56267,0.33181,0.67998,0.70834,0.97224,0.96129,0.77332,0.79354,0.27482,0.86092,0.24604,0.46075,0.039699,0.5218,0.49421,0.64376,0.50739,0.68963,0.91085,0.92554,0.73941,0.86275,0.01668,0.86267,0.49633,0.49273,0.084285,0.71325,0.77503,0.42402,0.28371,0.55034,0.87345,0.43443
0.27393,0.22222,0.039506,0.65845,0.6901,0.59107,0.44462,0.85065,0.13471,0.56735,0.098379,0.60439,0.0068461,0.10209,0.30993,0.30376,0.89715,0.33611,0.0093867,0.59094,0.74593,0.82291,0.57286,0.27309,0.33638,0.65595,0.72782,0.17059,0.80162,0.4546,0.42571,8.9016e-05,0.024242,0.39112,0.33373,0.057013,0.44568,0.0049393,0.95929,0.47126,0.87733,0.71088,0.24077,0.50376,0.79149,0.17602,0.83824,0.053838,0.6744,0.40066
0.13205,0.083609,0.29656,0.1588,0.85372,0.446,0.16571,0.22574,0.11991,0.076117,0.17004,0.094804,0.74023,0.14625,0.33164,0.089219,0.36808,0.95335,0.12861,0.37699,0.19996,0.010499,0.45022,0.82291,0.83572,0.85654,0.2882,0.79437,0.40642,0.9667,0.89177,0.51318,0.55004,0.22327,0.46914,0.99402,0.017612,0.12508,0.075253,0.4605,0.21324,0.98762,0.63455,0.89277,0.70947,0.28056,0.90135,0.67655,0.24237,0.37294
0.69965,0.073702,0.55636,0.80266,0.4679,0.92662,0.39875,0.79696,0.89345,0.25162,0.37116,0.33598,0.99174,0.67156,0.1882,0.52153,0.33773,0.75051,0.76391,0.39383,0.036329,0.14162,0.28706,0.68855,0.38589,0.27094,0.23734,0.8885,0.83001,0.18231,0.87429,0.56983,0.27618,0.13126,0.0028969,0.66696,0.68171,0.77507,0.28513,0.94253,0.1144,0.33462,0.11108,0.77939,0.94654,0.87767,0.44995,0.82228,0.16844,0.44325
0.4859,0.76955,0.96907,0.40858,0.45848,0.094893,0.92058,0.99688,0.65309,0.13345,0.039762,0.14484,0.12818,0.63985,0.10068,0.82529,0.61886,0.33392,0.84192,0.42831,0.1886,0.48281,0.75239,0.6039,0.080347,0.89595,0.13966,0.14251,0.97104,0.55939,0.63315,0.0070367,0.69624,0.17248,0.31091,0.61715,0.88083,0.020386,0.48812,0.62834,0.12432,0.22017,0.60734,0.49486,0.29802,0.87386,0.98854,0.9114,0.86112,0.38031
0.18272,0.81768,0.68912,0.32739,0.8061,0.37542,0.51133,0.28131,0.040278,0.56447,0.70924,0.24488,0.36058,0.37244,0.28656,0.76393,0.086895,0.63283,0.74695,0.42303,0.57755,0.58062,0.094358,0.38695,0.86558,0.20879,0.22073,0.93967,0.42248,0.62647,0.29228,0.89247,0.88135,0.9386,0.48522,0.14789,0.13982,0.14263,0.97057,0.80639,0.5741,0.34528,0.88976,0.76151,0.99582,0.48959,0.033789,0.14721,0.32664,0.072712
0.10121,0.74043,0.71788,0.74601,0.82477,0.546,0.91414,0.71038,0.50472,0.54098,0.64134,0.37897,0.19107,0.16287,0.35483,0.94764,0.3755,0.41555,0.94452,0.21892,0.62827,0.29299,0.10679,0.065535,0.43537,0.96417,0.81755,0.00026086,0.053905,0.03013,0.29168,0.83319,0.024681,0.034482,0.26217,0.028996,0.81085,0.32041,0.56811,0.40154,0.46637,0.091606,0.49069,0.66704,0.55445,0.60628,0.85945,0.30486,0.32515,0.44028
0.20158,0.75825,0.55903,0.74635,0.19044,0.11168,0.091934,0.66464,0.89445,0.068921,0.17406,0.27032,0.7144,0.38952,0.53576,0.33355,0.18738,0.5765,0.91971,0.49676,0.36477,0.43887,0.73489,0.99859,0.17208,0.41436,0.37823,0.43881,0.78704,0.64227,0.2455,0.77517,0.34121,0.87956,0.68311,0.57247,0.25286,0.90475,0.27397,0.32139,0.37404,0.6316,0.31351,0.97811,0.65609,0.71769,0.52856,0.77987,0.40017,0.60653
0.13475,0.96119,0.53335,0.17395,0.025673,0.90446,0.99304,0.41484,0.38573,0.98843,0.062152,0.2156,0.17787,0.79998,0.99083,0.38974,0.81053,0.9595,0.22307,0.03987,0.63656,0.39827,0.35459,0.66104,0.0042964,0.22957,0.66552,0.011168,0.63008,0.83816,0.70435,0.78814,0.42141,0.52233,0.91119,0.029982,0.024386,0.61416,0.12908,0.37881,0.75462,0.37819,0.76214,0.11707,0.94535,0.14002,0.97546,0.48723,0.76351,0.30478
0.32379,0.46642,0.87572,0.11754,0.056815,0.63328,0.096434,0.49827,0.29205,0.2511,0.40666,0.63373,0.98685,0.39979,0.028178,0.15041,0.72325,0.61585,0.50977,0.56482,0.89129,0.13731,0.58063,0.22917,0.6525,0.81837,0.93581,0.23452,0.50882,0.39514,0.77461,0.37363,0.080011,0.80825,0.5705,0.71153,0.53072,0.015898,0.15519,0.71897,0.4556,0.88736,0.95453,0.86932,0.22464,0.58305,0.87722,0.54917,0.16407,0.40664
0.95055,0.787,0.3931,0.17404,0.14294,0.90541,0.31315,0.94912,0.23404,0.31547,0.46306,0.79972,0.016999,0.75512,0.70953,0.3337,0.67467,0.15058,0.78774,0.049143,0.25352,0.95276,0.29886,0.092255,0.36969,0.36044,0.42648,0.70698,0.56769,0.43734,0.82265,0.15231,0.079354,0.44758,0.26528,0.21404,0.93485,0.31139,0.26881,0.19306,0.70603,0.42653,0.64588,0.56786,0.98152,0.195,0.16134,0.87822,0.68829,0.10101
0.53213,0.42257,0.45807,0.62741,0.17142,0.63055,0.78538,0.95318,0.20095,0.30066,0.20267,0.20851,0.039796,0.29521,0.90516,0.55368,0.91398,0.83827,0.52245,0.87228,0.28636,0.36004,0.71368,0.24098,0.3761,0.50152,0.60516,0.69416,0.30919,0.084883,0.80619,0.35226,0.072376,0.34654,0.92847,0.25519,0.76933,0.19277,0.43389,0.48999,0.92951,0.89077,0.48532,0.12015,0.17062,0.063338,0.35338,0.98829,0.64332,0.47688
0.24769,0.94373,0.20825,0.84189,0.62584,0.014228,0.6024,0.73292,0.38031,0.042039,0.86955,0.89626,0.80433,0.64001,0.86583,0.55029,0.82096,0.72617,0.61739,0.86002,0.12542,0.83698,0.36049,0.90257,0.44134,0.74767,0.96958,0.26512,0.74714,0.58138,0.25377,0.6451,0.90034,0.75715,0.064245,0.95859,0.40475,0.27547,0.3959,0.12077,0.82047,0.22423,0.43818,0.97033,0.94106,0.063902,0.058007,0.019152,0.82135,0.29241
0.43728,0.0013144,0.75727,0.51008,0.029515,0.31648,0.46591,0.38468,0.59479,0.5279,0.59794,0.74571,0.85979,0.88512,0.11917,0.16042,0.54872,0.10885,0.55824,0.33826,0.52857,0.041336,0.71846,0.21735,0.51612,0.83185,0.36465,0.32657,0.33666,0.87168,0.8005,0.93194,0.96931,0.36021,0.6263,0.18189,0.71781,0.02671,0.42525,0.13992,0.039848,0.79693,0.18638,0.83997,0.95696,0.93987,0.44412,0.35132,0.37855,0.016283
0.66909,0.98127,0.54669,0.16576,0.47233,0.11187,0.29813,0.040083,0.26839,0.25602,0.023014,0.53639,0.56625,0.20964,0.95528,0.11709,0.015542,0.16135,0.73099,0.97403,0.82077,0.42383,0.99532,0.47952,0.30011,0.39447,0.66445,0.093234,0.88335,0.20691,0.62971,0.093321,0.39131,0.55661,0.94828,0.79846,0.48132,0.83064,0.61439,0.9472,0.96619,0.85828,0.44313,0.062317,0.17501,0.52018,0.44109,0.53465,0.1119,0.88442
0.5477,0.57019,0.35739,0.71431,0.67844,0.62946,0.13317,0.58293,0.62244,0.40871,0.89943,0.96997,0.75411,0.48036,0.4409,0.39855,0.094686,0.29701,0.063402,0.95478,0.29978,0.075638,0.0837,0.90923,0.47832,0.096636,0.31476,0.041599,0.33366,0.09461,0.2315,0.73878,0.31359,0.88872,0.51639,0.040043,0.44118,0.76428,0.44681,0.63094,0.88797,0.4271,0.48812,0.27807,0.05431,0.15012,0.3267,0.74782,0.85948,0.21031
0.60905,0.34647,0.701,0.90704,0.11479,0.060709,0.29501,0.56471,0.80457,0.94751,0.45295,0.56488,0.51951,0.11299,0.87576,0.83138,0.51476,0.42358,0.49279,0.98862,0.78768,0.31381,0.46821,0.19378,0.0062469,0.26539,0.88572,0.75928,0.79601,0.18795,0.38108,0.055267,0.55331,0.84016,0.9567,0.30916,0.94236,0.72116,0.012023,0.43866,0.63877,0.58886,0.86113,0.40963,0.26821,0.64659,0.9144,0.97001,0.71318,0.68364
0.86313,0.5575,0.10922,0.21854,0.23606,0.67399,0.16663,0.35518,0.10397,0.91928,0.058026,0.21769,0.5859,0.13237,0.86495,0.185,0.95248,0.52841,0.22992,0.15772,0.43701,0.94598,0.093803,0.44799,0.17144,0.79195,0.29554,0.32487,0.80478,0.66784,0.4532,0.75716,0.79205,0.24403,0.27202,0.96709,0.57878,0.82272,0.034271,0.70776,0.010954,0.091699,0.71646,0.62681,0.54601,0.58378,0.49456,0.69514,0.57501,0.15439
0.3807,0.29978,0.0066108,0.87096,0.28908,0.47744,0.3171,0.8802,0.72924,0.12124,0.10627,0.85776,0.19073,0.064002,0.35515,0.50079,0.84306,0.2751,0.33739,0.0029184,0.55054,0.8545,0.72517,0.6178,0.30356,0.93686,0.29537,0.52182,0.050239,0.73242,0.50056,0.46349,0.79831,0.43562,0.52699,0.26699,0.78361,0.76454,0.39877,0.52965,0.97726,0.25058,0.62033,0.9191,0.77519,0.31233,0.71024,0.27327,0.74114,0.97432
0.74896,0.15907,0.5973,0.21184,0.17276,0.30555,0.10984,0.62453,0.64859,0.59194,0.99843,0.862,0.50344,0.079297,0.63115,0.12631,0.93501,0.82796,0.55164,0.24818,0.98611,0.17353,0.91205,0.59421,0.74446,0.56826,0.90708,0.95189,0.40251,0.63101,0.54057,0.045004,0.86326,0.82855,0.91119,0.12188,0.71481,0.12057,0.97945,0.65243,0.38553,0.59377,0.089774,0.41515,0.60376,0.67214,0.66464,0.95114,0.75367,0.50266
0.1567,0.66526,0.65918,0.83666,0.32371,0.51633,0.83209,0.62402,0.47465,0.35965,0.86633,0.3133,0.050915,0.62695,0.86455,0.86463,0.97341,0.79278,0.74369,0.34629,0.68978,0.53588,0.086414,0.66588,0.58089,0.93802,0.49288,0.66898,0.96519,0.46821,0.34515,0.84203,0.79796,0.1527,0.21469,0.60738,0.14217,0.38433,0.54277,0.77818,0.39966,0.52058,0.11176,0.7115,0.3161,0.39706,0.83178,0.90767,0.55509,0.89141
0.058124,0.6842,0.58001,0.8593,0.80111,0.70703,0.97159,0.29574,0.93291,0.71931,0.61521,0.32698,0.056096,0.41133,0.020992,0.76665,0.37253,0.27375,0.41231,0.23334,0.97014,0.29489,0.51995,0.26768,0.70121,0.59725,0.20714,0.47312,0.41438,0.31436,0.29143,0.16471,0.0063764,0.75795,0.82679,0.64535,0.69292,0.027923,0.91239,0.61802,0.51029,0.91405,0.57559,0.97087,0.43335,0.21952,0.25804,0.45742,0.80091,0.72649
0.33971,0.79241,0.90995,0.52338,0.29963,0.81361,0.21827,0.07468,0.096444,0.52355,0.026944,0.84001,0.3352,0.63859,0.07682,0.56435,0.3209,0.61569,0.50762,0.75589,0.095966,0.90287,0.55263,0.42387,0.80466,0.98795,0.025819,0.64937,0.33052,0.64147,0.70353,0.11507,0.9199,0.87651,0.13833,0.87442,0.39365,0.0013045,0.32416,0.50209,0.55163,0.66329,0.46166,0.43547,0.84278,0.24082,0.76924,0.73317,0.67035,0.49718
0.81718,0.34862,0.63601,0.47736,0.77563,0.31581,0.70608,0.29371,0.59911,0.26084,0.32252,0.49253,0.6309,0.85656,0.37671,0.38957,0.78325,0.10155,0.12897,0.22593,0.89809,0.081387,0.68515,0.79932,0.85199,0.76235,0.17021,0.66564,0.63637,0.56203,0.93408,0.27156,0.017962,0.50212,0.43775,0.89733,0.12777,0.006998,0.29052,0.48537,0.95889,0.49965,0.54545,0.63538,0.62613,0.38638,0.41057,0.55824,0.53511,0.60721
0.37755,0.25007,0.52556,0.88988,0.55277,0.3113,0.039014,0.23474,0.23356,0.49308,0.46378,0.051902,0.89198,0.76358,0.14919,0.49014,0.21222,0.66996,0.21484,0.44844,0.058443,0.78747,0.29965,0.93231,0.11772,0.18562,0.30234,0.23015,0.85803,0.66373,0.59417,0.31439,0.029416,0.57027,0.87528,0.053178,0.6409,0.16778,0.87897,0.11015,0.8554,0.6348,0.038012,0.90156,0.27255,0.033501,0.055657,0.99389,0.68593,0.34929
0.9726,0.345,0.25962,0.065076,0.55469,0.34498,0.6163,0.3459,0.032328,0.85584,0.099017,0.77802,0.6734,0.97616,0.034097,0.8869,0.95915,0.3474,0.29283,0.25944,0.12332,0.17441,0.60188,0.46972,0.65726,0.51677,0.96144,0.80489,0.78828,0.12488,0.59309,0.60609,0.71145,0.85148,0.70431,0.75951,0.49751,0.15044,0.77914,0.91655,0.47671,0.08636,0.57929,0.87158,0.51453,0.34672,0.87065,0.3893,0.95518,0.52621
0.60532,0.32863,0.051171,0.50946,0.73065,0.6663,0.66936,0.84849,0.57986,0.72441,0.57099,0.42667,0.68527,0.78154,0.78225,0.90505,0.93023,0.6695,0.44997,0.34579,0.63073,0.71999,0.1985,0.3063,0.75295,0.64015,0.78366,0.50279,0.53841,0.67403,0.73873,0.67747,0.53841,0.98464,0.49702,0.8589,0.063973,0.51549,0.39441,0.43262,0.87782,0.040807,0.62898,0.14272,0.8884,0.55204,0.9723,0.88168,0.62775,0.79692
0.33824,0.92749,0.73195,0.6208,0.77362,0.86107,0.037202,0.16036,0.8422,0.19911,0.32588,0.27996,0.69574,0.93558,0.32725,0.49839,0.36573,0.2953,0.24028,0.90295,0.3701,0.23201,0.65676,0.43937,0.70213,0.86895,0.67326,0.43403,0.74167,0.68031,0.37264,0.98764,0.52459,0.79021,0.6096,0.48172,0.52354,0.41888,0.88233,0.427,0.38988,0.75156,0.48193,0.2006,0.1743,0.55844,0.11698,0.89327,0.81913,0.27368
0.92798,0.75607,0.16429,0.73357,0.90085,0.76178,0.0033346,0.15786,0.5569,0.15729,0.45049,0.33351,0.79983,0.73915,0.81748,0.52923,0.34491,0.68043,0.26326,0.012701,0.31957,0.20714,0.69836,0.30686,0.60512,0.60012,0.84072,0.70903,0.73972,0.93012,0.45327,0.99326,0.50224,0.35068,0.077828,0.075096,0.31454,0.59381,0.42567,0.029286,0.049163,0.32376,0.16053,0.62093,0.82007,0.066815,0.50831,0.386,0.18897,0.29268
0.89842,0.28824,0.2804,0.23,0.13817,0.87584,0.14246,0.50866,0.83988,0.37048,0.57784,0.36694,0.66061,0.25362,0.17362,0.9097,0.69268,0.39377,0.89158,0.13222,0.79569,0.21613,0.45968,0.27501,0.038267,0.99967,0.42085,0.55526,0.44479,0.82882,0.50938,0.75754,0.065672,0.5019,0.24143,0.090721,0.85489,0.27698,0.46638,0.51043,0.30743,0.066491,0.75438,0.77503,0.18119,0.58194,0.75557,0.72755,0.75148,0.34815
0.85071,0.60618,0.25943,0.021872,0.79408,0.87124,0.86241,0.6033,0.20495,0.86227,0.074844,0.79479,0.51994,0.71925,0.67612,0.5786,0.7166,0.39182,0.58614,0.38806,0.3017,0.97667,0.15766,0.13875,0.19515,0.12918,0.70374,0.255,0.85041,0.1781,0.92871,0.27506,0.23004,0.25521,0.025784,0.20022,0.0090151,0.59283,0.42493,0.9637,0.32021,0.92326,0.7935,0.24681,0.097264,0.47586,0.10999,0.91265,0.22158,0.87597
0.25679,0.76603,0.5471,0.13899,0.18941,0.17279,0.27604,0.1614,0.62125,0.68476,0.057343,0.038691,0.33174,0.69351,0.8756,0.77579,0.80034,0.20696,0.93867,0.84062,0.60746,0.38185,0.42179,0.16655,0.33068,0.29337,0.48129,0.075201,0.49453,0.94924,0.45079,0.95401,0.11704,0.50987,0.84648,0.77829,0.20259,0.58514,0.45521,0.27535,0.4613,0.054361,0.29137,0.36945,0.031315,0.66194,0.033864,0.90413,0.41645,0.093319
0.2855,0.84615,0.54127,0.76951,0.028974,0.85022,0.53169,0.63545,0.17402,0.6342,0.30096,0.72667,0.93417,0.77332,0.75716,0.66139,0.59367,0.72452,0.61808,0.21327,0.46197,0.63529,0.59605,0.49395,0.64283,0.47688,0.82058,0.5891,0.94816,0.19962,0.63743,0.41108,0.98977,0.07862,0.014863,0.40728,0.8806,0.12159,0.69542,0.74341,0.48813,0.067943,0.50761,0.3411,0.010176,0.7861,0.4411,0.081452,0.79087,0.20668
0.77995,0.90198,0.78811,0.96977,0.12739,0.95959,0.52222,0.84394,0.28954,0.14132,0.52172,0.87268,0.24648,0.74722,0.22963,0.46966,0.097175,0.81931,0.25072,0.93523,0.29259,0.046564,0.32233,0.086584,0.2174,0.12958,0.43739,0.67424,0.79779,0.21768,0.45936,0.21662,0.070516,0.055899,0.55042,0.82704,0.21805,0.078594,0.095578,0.1168,0.70674,0.57353,0.23799,0.45639,0.96745,0.19003,0.12978,0.033342,0.39996,0.30276
0.7014,0.59571,0.86961,0.38679,0.13374,0.77021,0.56762,0.78227,0.018503,0.079302,0.56188,0.28581,0.51121,0.31838,0.35894,0.21977,0.55951,0.92647,0.10254,0.9698,0.83242,0.23207,0.83073,0.92684,0.07691,0.22812,0.85997,0.58801,0.13304,0.0085219,0.55377,0.62913,0.060024,0.63499,0.11967,0.14797,0.31769,0.032066,0.73346,0.76933,0.3673,0.4392,0.19268,0.17082,0.88804,0.96151,0.9716,0.57241,0.045109,0.35152
0.49251,0.068536,0.78754,0.99343,0.12831,0.87502,0.33303,0.26457,0.7015,0.87615,0.24155,0.65685,0.74032,0.51043,0.36316,0.60259,0.04309,0.51412,0.54636,0.37526,0.57053,0.87484,0.12269,0.14848,0.98059,0.18107,0.0088972,0.5337,0.23777,0.30063,0.041233,0.014869,0.66158,0.6169,0.58795,0.73291,0.34396,0.16817,0.13002,0.76572,0.94144,0.027369,0.8087,0.74561,0.049685,0.53506,0.94015,0.0092902,0.20105,0.72675
0.96767,0.21804,0.96943,0.32639,0.93526,0.067413,0.41342,0.3147,0.95209,0.42043,0.91272,0.23189,0.25417,0.77307,0.26744,0.18426,0.75763,0.19314,0.44265,0.98486,0.070508,0.46014,0.25118,0.16048,0.20676,0.67202,0.99603,0.47262,0.12772,0.27447,0.8022,0.0433,0.34406,0.081473,0.62221,0.14989,0.80008,0.52417,0.49653,0.54077,0.26819,0.049699,0.066673,0.097978,0.67021,0.91452,0.93312,0.19833,0.042863,0.88633
0.47616,0.86941,0.18047,0.13716,0.27323,0.64679,0.41435,0.1832,0.74901,0.48766,0.82573,0.62195,0.84558,0.57282,0.3373,0.19751,0.65965,0.6029,0.69151,0.12209,0.26631,0.0030636,0.93761,0.71772,0.98325,0.32578,0.2752,0.32381,0.53412,0.58645,0.67151,0.18026,0.12851,0.60952,0.74702,0.83843,0.57108,0.84137,0.25966,0.16932,0.7454,0.23855,0.19586,0.89027,0.97662,0.64566,0.98376,0.02068,0.63916,0.051926
0.99491,0.41422,0.9306,0.38475,0.94268,0.3241,0.98392,0.44747,0.75673,0.46033,0.44455,0.075124,0.53815,0.95385,0.086961,0.86199,0.59946,0.19818,0.75944,0.76096,0.17087,0.46494,0.65521,0.67489,0.61037,0.79059,0.033516,0.43099,0.056697,0.39655,0.20033,0.20047,0.63714,0.54467,0.30993,0.54537,0.81324,0.30641,0.59167,0.93012,0.90907,0.1273,0.97478,0.082094,0.22027,0.15347,0.69304,0.79227,0.25176,0.078559
0.49058,0.66121,0.045152,0.56264,0.63815,0.64035,0.057739,0.32668,0.54209,0.51568,0.98206,0.96676,0.91014,0.17157,0.45156,0.12565,0.22699,0.41039,0.39942,0.57936,0.56031,0.82407,0.75291,0.35852,0.24798,0.54601,0.1521,0.7649,0.46857,0.1864,0.014586,0.71936,0.74649,0.85592,0.9165,0.96117,0.08618,0.19116,0.22762,0.20821,0.58455,0.63033,0.57509,0.78152,0.084059,0.052182,0.70248,0.19083,0.41988,0.014486
0.50345,0.78348,0.24065,0.63384,0.87253,0.87975,0.39654,0.27982,0.28206,0.27199,0.57827,0.60997,0.35071,0.90724,0.45466,0.64558,0.71371,0.85307,0.56741,0.62116,0.20209,0.87189,0.81086,0.090458,0.51796,0.23056,0.4796,0.99646,0.98269,0.39282,0.76317,0.44287,0.80527,0.64269,0.78227,0.075495,0.19214,0.065119,0.95512,0.019761,0.9065,0.47641,0.58321,0.84868,0.35886,0.015051,0.37131,0.95208,0.17184,0.19334
0.76877,0.24789,0.008855,0.54161,0.36707,0.37364,0.79132,0.93176,0.24487,0.23158,0.23442,0.38372,0.93532,0.75222,0.029036,0.43732,0.7245,0.42908,0.20558,0.4899,0.49237,0.30107,0.048427,0.008248,0.71283,0.68676,0.88884,0.26502,0.68222,0.15459,0.56751,0.84549,0.26903,0.27163,0.10105,0.93383,0.6295,0.94601,0.06301,0.60161,0.056683,0.11,0.95002,0.45088,0.73318,0.19636,0.064106,0.77023,0.88446,0.026289
0.38808,0.55443,0.67159,0.31499,0.2362,0.76674,0.59419,0.39969,0.28632,0.89953,0.81059,0.03057,0.92772,0.28618,0.6371,0.61261,0.34422,0.92566,0.94353,0.22045,0.72937,0.23601,0.41471,0.37278,0.25987,0.049083,0.28342,0.79207,0.8709,0.8323,0.65421,0.38979,0.43398,0.10675,0.2811,0.35942,0.063863,0.24477,0.18325,0.60737,0.55674,0.43543,0.10004,0.60533,0.60214,0.52771,0.44345,0.81657,0.34101,0.46877
0.45326,0.22959,0.90481,0.15933,0.18732,0.16809,0.30956,0.37942,0.96313,0.9087,0.45127,0.85757,0.5877,0.62741,0.059459,0.73748,0.032751,0.37308,0.51281,0.14413,0.955,0.83158,0.72549,0.78831,0.11469,0.5726,0.78413,0.13461,0.49621,0.14975,0.63474,0.83755,0.40181,0.060513,0.90751,0.06693,0.74296,0.6254,0.62424,0.46885,0.0029614,0.90188,0.87873,0.35447,0.45137,0.14767,0.54299,0.42605,0.20512,0.24338
0.13285,0.0069128,0.57242,0.15262,0.54565,0.51972,0.9018,0.59285,0.2307,0.60364,0.24997,0.60354,0.10176,0.46283,0.1692,0.30328,0.84362,0.69825,0.27625,0.63518,0.76237,0.43775,0.13904,0.44729,0.54967,0.99376,0.17039,0.035536,0.28766,0.67955,0.73433,0.74842,0.60814,0.62188,0.11109,0.96593,0.6034,0.20667,0.29141,0.59631,0.15316,0.56583,0.89145,0.7591,0.9128,0.073134,0.54016,0.30022,0.79539,0.91992
0.75851,0.76664,0.15546,0.13695,0.25512,0.62746,0.093127,0.068507,0.53732,0.36524,0.95544,0.84784,0.36688,0.12944,0.68468,0.042968,0.7703,0.58863,0.22914,0.80242,0.080068,0.50709,0.63256,0.099625,0.2189,0.36297,0.73129,0.45395,0.18302,0.75009,0.88733,0.58386,0.77009,0.69907,0.78982,0.64945,0.79844,0.24174,0.13719,0.72346,0.40749,0.73064,0.21404,0.58944,0.0031773,0.55484,0.78628,0.68029,0.02447,0.71583
0.56524,0.021833,0.50237,0.7098,0.30582,0.71391,0.31903,0.20524,0.20501,0.59859,0.14265,0.50462,0.27585,0.54938,0.55457,0.83551,0.50965,0.10087,0.95293,0.66964,0.93825,0.18547,0.24683,0.80583,0.31218,0.55872,0.24662,0.56298,0.96122,0.01489,0.66591,0.16057,0.94112,0.27494,0.10228,0.42062,0.16059,0.74341,0.18893,0.40811,0.23345,0.98096,0.16695,0.61157,0.51008,0.98128,0.60141,0.85852,0.03978,0.48865
0.64864,0.3931,0.56773,0.46486,0.015549,0.3064,0.88696,0.72362,0.43404,0.66849,0.51256,0.0079108,0.2661,0.96951,0.0060358,0.36931,0.70696,0.4124,0.68942,0.4716,0.97447,0.1515,0.83997,0.65945,0.97313,0.92728,0.081841,0.23088,0.75626,0.14225,0.12067,0.52884,0.13146,0.42197,0.76794,0.59644,0.73793,0.156,0.95662,0.59761,0.53531,0.58821,0.64613,0.84317,0.14446,0.16286,0.94701,0.87179,0.52982,0.078074
0.79806,0.25254,0.18827,0.11327,0.58749,0.26369,0.65743,0.57515,0.14221,0.89456,0.97193,0.91907,0.22654,0.44214,0.28809,0.66134,0.79117,0.92471,0.70787,0.94448,0.60711,0.90681,0.83667,0.45236,0.30919,0.25988,0.85291,0.14476,0.95035,0.030656,0.71374,0.46267,0.25572,0.36582,0.66206,0.34709,0.75704,0.82317,0.29661,0.42571,0.31161,0.50316,0.18034,0.45699,0.50465,0.1566,0.63122,0.89706,0.93337,0.53007
0.22045,0.20422,0.3242,0.70088,0.96256,0.916,0.68452,0.20023,0.37558,0.087336,0.64832,0.4107,0.0013208,0.59096,0.37661,0.89572,0.33067,0.05555,0.65692,0.59148,0.95749,0.99275,0.45307,0.53336,0.94625,0.83248,0.68655,0.6771,0.67127,0.8087,0.44723,0.37954,0.37831,0.082159,0.7731,0.21763,0.88131,0.093985,0.2372,0.12184,0.70863,0.53159,0.11655,0.88279,0.56821,0.16367,0.87884,0.84359,0.60221,0.66605
0.85789,0.66228,0.71604,0.17999,0.84985,0.61503,0.47395,0.84348,0.79356,0.53901,0.61467,0.73237,0.89301,0.11097,0.14649,0.2741,0.91368,0.38405,0.77897,0.22675,0.33065,0.39008,0.39476,0.52666,0.41056,0.17513,0.95811,0.35407,0.18605,0.047146,0.64098,0.09323,0.99374,0.06977,0.93198,0.037841,0.42924,0.9798,0.66016,0.34995,0.58706,0.60629,0.36533,0.49357,0.64217,0.07849,0.12269,0.48515,0.60118,0.60771
0.90473,0.91474,0.55293,0.80367,0.0079403,0.093175,0.14124,0.42373,0.81282,0.42845,0.46965,0.15111,0.4535,0.19985,0.074534,0.9979,0.5767,0.24064,0.58047,0.68384,0.90122,0.82681,0.9616,0.62968,0.010334,0.87984,0.98506,0.51047,0.28984,0.66618,0.6489,0.25915,0.34095,0.12089,0.17688,0.15343,0.18748,0.65322,0.004296,0.54675,0.23919,0.76432,0.40238,0.62285,0.20693,0.7184,0.81355,0.48854,0.64387,0.41955
0.29202,0.0069025,0.14228,0.51396,0.63403,0.6277,0.95092,0.54475,0.90379,0.61715,0.57778,0.81523,0.57842,0.16296,0.46074,0.83435,0.28791,0.22781,0.50323,0.32064,0.00036562,0.95406,0.0081783,0.64656,0.31007,0.27963,0.53472,0.69471,0.058208,0.45603,0.67838,0.33584,0.89955,0.67785,0.020422,0.37338,0.30303,0.28411,0.078168,0.1271,0.064059,0.60062,0.08981,0.56217,0.34019,0.44627,0.9776,0.065334,0.92193,0.1108
0.72587,0.74642,0.38036,0.54844,0.35929,0.19203,0.88263,0.52797,0.54038,0.55888,0.91131,0.9096,0.31561,0.036877,0.37039,0.79134,0.26686,0.35712,0.87873,0.74892,0.48328,0.89384,0.39844,0.19183,0.15521,0.84948,0.90598,0.59529,0.044066,0.803,0.058828,0.37511,0.23748,0.21894,0.83364,0.87682,0.32076,0.86723,0.30958,0.081497,0.0033692,0.72259,0.68377,0.72166,0.32747,0.51012,0.23124,0.45698,0.21926,0.81661
0.33945,0.79967,0.39657,0.20784,0.11406,0.77696,0.43744,0.18511,0.81786,0.22585,0.37622,0.77794,0.99402,0.27272,0.82456,0.65661,0.89018,0.9241,0.39295,0.99814,0.14747,0.84101,0.48777,0.80173,0.99408,0.80672,0.47665,0.50611,0.27956,0.35844,0.22395,0.14626,0.22,0.23728,0.47319,0.44115,0.44201,0.03014,0.22397,0.28946,0.18907,0.43521,0.54689,0.54677,0.61496,0.60514,0.91274,0.59556,0.8849,0.2493
0.27268,0.9078,0.57674,0.78459,0.54082,0.8645,0.83496,0.08169,0.70842,0.10452,0.22876,0.75712,0.98389,0.23013,0.53754,0.54367,0.3661,0.5025,0.24264,0.26973,0.31499,0.68328,0.61814,0.19657,0.45024,0.18913,0.88967,0.7764,0.17047,0.025334,0.16798,0.31677,0.99108,0.0086346,0.10865,0.63777,0.36188,0.76094,0.69529,0.67682,0.4912,0.64652,0.98596,0.78444,0.59119,0.88307,0.67637,0.11008,0.048822,0.50918
0.17027,0.97457,0.019402,0.52649,0.41642,0.33358,0.32514,0.46409,0.043209,0.0099777,0.42352,0.4052,0.96455,0.35854,0.81752,0.38668,0.15002,0.80324,0.28163,0.93187,0.17138,0.1718,0.07001,0.41129,0.54522,0.97856,0.02385,0.6852,0.6771,0.21859,0.92853,0.28123,0.95111,0.72711,0.089054,0.38781,0.6256,0.89618,0.70023,0.45704,0.61647,0.1767,0.21275,0.44635,0.68792,0.12192,0.72507,0.34378,0.81204,0.80413
0.66402,0.11986,0.57758,0.57102,0.5171,0.13541,0.36764,0.030555,0.14595,0.059153,0.2736,0.7019,0.66627,0.13434,0.46038,0.82223,0.94633,0.35027,0.90477,0.69639,0.59291,0.23755,0.14269,0.23569,0.26233,0.25373,0.12872,0.31949,0.90242,0.71091,0.51523,0.82012,0.63822,0.56103,0.11513,0.8372,0.93883,0.61887,0.85182,0.49922,0.12278,0.87648,0.91899,0.91191,0.16644,0.29026,0.68579,0.26407,0.032592,0.50983
0.53585,0.51897,0.9322,0.42204,0.88612,0.76547,0.79484,0.43498,0.23334,0.32265,0.44457,0.56546,0.72616,0.99859,0.014034,0.59533,0.65084,0.45868,0.70268,0.095259,0.65761,0.43429,0.65423,0.27221,0.88254,0.77855,0.74064,0.83214,0.35199,0.54892,0.67336,0.34209,0.50413,0.55197,0.16797,0.76632,0.2869,0.72075,0.55906,0.058478,0.13303,0.25169,0.66516,0.086587,0.65223,0.062342,0.79672,0.58018,0.41504,0.3027
0.82911,0.82197,0.10687,0.72116,0.1494,0.31861,0.099309,0.55786,0.2467,0.77948,0.62752,0.58474,0.33404,0.51352,0.0049832,0.78164,0.98221,0.9511,0.85306,0.24587,0.34896,0.025062,0.21832,0.0086685,0.10306,0.81078,0.39102,0.66082,0.10016,0.86969,0.6678,0.872,0.35812,0.74225,0.97251,0.12558,0.2446,0.46385,0.57033,0.073606,0.31418,0.35648,0.74348,0.99894,0.76864,0.14353,0.52963,0.43539,0.59467,0.86193
0.26736,0.63702,0.73215,0.073138,0.43468,0.25238,0.95178,0.63878,0.17028,0.33548,0.53464,0.34491,0.52277,0.38785,0.16623,0.98767,0.19383,0.13298,0.37868,0.93466,0.053693,0.26865,0.11913,0.92828,0.82356,0.49795,0.39363,0.58707,0.793,0.73884,0.081461,0.26803,0.76845,0.82463,0.286,0.092661,0.92085,0.75889,0.53092,0.33788,0.087855,0.30335,0.37846,0.72758,0.39577,0.067965,0.75464,0.4151,0.1968,0.057394
0.17616,0.95391,0.97052,0.59486,0.059039,0.20007,0.0014739,0.034217,0.23506,0.61957,0.38544,0.70423,0.27335,0.24985,0.36594,0.78825,0.82874,0.070307,0.63302,0.47978,0.047168,0.98016,0.043137,0.52022,0.42718,0.91572,0.60185,0.019078,0.46843,0.10323,0.22507,0.77543,0.78436,0.39339,0.59902,0.66032,0.92622,0.007142,0.85889,0.33607,0.40879,0.96776,0.47477,0.55841,0.39626,0.18509,0.50355,0.054213,0.79609,0.73076
0.43119,0.94693,0.60889,0.86198,0.38103,0.06901,0.2954,0.7099,0.27546,0.99289,0.87345,0.16086,0.71838,0.36475,0.71821,0.85292,0.4938,0.70608,0.031557,0.88253,0.055858,0.31269,0.16556,0.46413,0.92034,0.10098,0.023885,0.83695,0.68734,0.97143,0.28419,0.60921,0.028918,0.13594,0.85221,0.37767,0.30994,0.19349,0.44635,0.98496,0.28232,0.19229,0.10626,0.14282,0.69212,0.76868,0.90704,0.2597,0.21099,0.90088
0.47566,0.96661,0.71967,0.4488,0.72237,0.55191,0.048455,0.16932,0.95161,0.64801,0.30035,0.0015139,0.77802,0.39906,0.15942,0.48561,0.59078,0.9317,0.92003,0.7793,0.071512,0.57175,0.51111,0.52353,0.52801,0.13582,0.38767,0.114,0.68308,0.73871,0.91376,0.017969,0.052441,0.19574,0.24478,0.10779,0.076475,0.091452,0.38338,0.75166,0.63059,0.097864,0.88378,0.83764,0.23767,0.89768,0.12361,0.24418,0.17441,0.46404
0.78522,0.067344,0.30275,0.65258,0.095119,0.40381,0.44274,0.59338,0.34667,0.53978,0.40003,0.562,0.081064,0.9263,0.27877,0.87376,0.044891,0.1089,0.46975,0.018284,0.015676,0.61166,0.86727,0.33681,0.87083,0.85832,0.056746,0.84042,0.42144,0.013858,0.2291,0.70151,0.32342,0.7203,0.72717,0.62381,0.78088,0.16793,0.59536,0.64653,0.21976,0.69379,0.4451,0.72525,0.94888,0.51827,0.85223,0.7091,0.61384,0.46936
